[
  {
    "productGroup": "wal",
    "basis": "pieces",
    "min": 0,
    "max": 100000,
    "margin_pct": 18
  },
  {
    "productGroup": "wal",
    "basis": "pieces",
    "min": 100000,
    "max": 500000,
    "margin_pct": 15
  },
  {
    "productGroup": "wal",
    "basis": "pieces",
    "min": 500000,
    "max": 1000000000,
    "margin_pct": 12
  },
  {
    "productGroup": "sleeve",
    "basis": "pieces",
    "min": 0,
    "max": 50000,
    "margin_pct": 22
  },
  {
    "productGroup": "sleeve",
    "basis": "pieces",
    "min": 50000,
    "max": 200000,
    "margin_pct": 18
  },
  {
    "productGroup": "sleeve",
    "basis": "pieces",
    "min": 200000,
    "max": 1000000000,
    "margin_pct": 15
  },
  {
    "productGroup": "laminate",
    "basis": "kg",
    "min": 0,
    "max": 300,
    "margin_pct": 20
  },
  {
    "productGroup": "laminate",
    "basis": "kg",
    "min": 300,
    "max": 1000,
    "margin_pct": 15
  },
  {
    "productGroup": "laminate",
    "basis": "kg",
    "min": 1000,
    "max": 1000000000,
    "margin_pct": 12
  },
  {
    "productGroup": "monolayer",
    "basis": "kg",
    "min": 0,
    "max": 200,
    "margin_pct": 18
  },
  {
    "productGroup": "monolayer",
    "basis": "kg",
    "min": 200,
    "max": 500,
    "margin_pct": 14
  },
  {
    "productGroup": "monolayer",
    "basis": "kg",
    "min": 500,
    "max": 1000000000,
    "margin_pct": 10
  },
  {
    "productGroup": "pouch_3ss",
    "basis": "pieces",
    "min": 0,
    "max": 50000,
    "margin_pct": 22
  },
  {
    "productGroup": "pouch_3ss",
    "basis": "pieces",
    "min": 50000,
    "max": 200000,
    "margin_pct": 18
  },
  {
    "productGroup": "pouch_3ss",
    "basis": "pieces",
    "min": 200000,
    "max": 1000000000,
    "margin_pct": 14
  }
]