[
  {
    "family": "PET",
    "density_gcc": 1.4,
    "price_kg": 2.4,
    "presets_um": [
      12
    ]
  },
  {
    "family": "BOPP",
    "density_gcc": 0.91,
    "price_kg": 1.95,
    "presets_um": [
      25,
      35
    ]
  },
  {
    "family": "CPP",
    "density_gcc": 0.91,
    "price_kg": 2.0,
    "presets_um": [
      40,
      60
    ]
  },
  {
    "family": "PE",
    "density_gcc": 0.92,
    "price_kg": 1.85,
    "presets_um": [
      60,
      80,
      90
    ]
  },
  {
    "family": "PA",
    "density_gcc": 1.14,
    "price_kg": 3.2,
    "presets_um": [
      15
    ]
  },
  {
    "family": "Alu",
    "density_gcc": 2.7,
    "price_kg": 4.5,
    "presets_um": [
      7,
      9,
      12
    ]
  },
  {
    "family": "Paper",
    "density_gcc": 0.8,
    "price_kg": 1.2,
    "presets_um": []
  }
]