{
  "list": [
    {
      "id": "duplex_generic_v1",
      "label": "Duplex (2\u2011ply)",
      "product_group": "laminate"
    },
    {
      "id": "triplex_generic_v1",
      "label": "Triplex (3\u2011ply)",
      "product_group": "laminate"
    },
    {
      "id": "quadriplex_generic_v1",
      "label": "Quadriplex (4\u2011ply)",
      "product_group": "laminate"
    },
    {
      "id": "wal_default_v1",
      "label": "WAL default",
      "product_group": "wal"
    },
    {
      "id": "sleeve_default_v1",
      "label": "Sleeve default",
      "product_group": "sleeve"
    },
    {
      "id": "monolayer_default_v1",
      "label": "Monolayer default",
      "product_group": "monolayer"
    },
    {
      "id": "pouch3ss_triplex_v1",
      "label": "Pouch 3SS (3\u2011ply)",
      "product_group": "pouch_3ss"
    }
  ]
}